gold_sent,ocr_sent,CER
The Sixteenth Century drew to a close.,TuE Sixteenth Century drew to a close.,0.05263157894736842
"It was the last day of the last year, and two hours      only were wanting to the birth of another year and of another century.","It was the lsst day of tho last year, and two hours anly were wanting to the birth of another year and of anothaor century.",0.07874015748031496
The night was solemn and beautiful.,The night was solemn and beautiful.,0.0
"Myriads of stars paved the deep vault of heaven; the      crescent moon hung like a silver lamp in the midst of them; a stream of rosy and quivering      light, issuing from the north, traversed the sky, like the tail of some stupendous comet; while      from its point of effluence broke forth, ever and anon, coruscations rivalling in splendour and      variety of hue the most brilliant discharge of fireworks.","Myriads of stan paed the deep vnult of heaen; the crescent moon hung like a silver lamp in the milst of them; a stream of rosy and quivrering light issuing from the north trarersed th sky, like the tail of some stupendous coet; whilo from its point of effluence broke forth, ever and anon, coruscations rivalling in splendour and variety of hue the most brilliant discharge of fireworks.",0.07990314769975787
"A sharp frost prevailed; but the atmosphere was clear and dry, and neither wind nor snow      aggravated the wholesome rigour of the season.","A sharp frost preailed; but the atmosphere was clear and dry, and neither wind nor snow aggraated the wholesome rigour of tho season.",0.05714285714285714
"The water lay in thick congealed masses around      the conduits and wells, and the buckets were frozen on their stands.","Tho water lay in thick congealed masses around the conduits and wells, and tho buekets weroe frozen on thcir stands.",0.08333333333333333
"The thoroughfares were      sheeted with ice, and dangerous to horsemen and vehicles; but the footways were firm and      pleasant to the tread.","were sheeted with ice, and dangerous to horsemen and vehicles; but the footways were firm and pleasant to the tread.",0.19444444444444445
"Here and there, a fire was lighted in the streets, round which ragged urchins and mendicants      were collected, roasting fragments of meat stuck upon iron prongs, or quaffing deep draughts of      metheglin and ale out of leathern cups.","Hero and there, a fire was lighted in the streets, round which ragged urchins and mendicants were collocted, ronsting fragments of meat stuck upon iron prongs; or qunffing deep draghts of metleglin and ale, out of lenathern cups Crowls were collected in the open places, watching the wonders in tha heaens, and drawing augurics from thcm, chiefly sinister, for most of the bcholders thought the signs portended the speely death of the queen, and the alvent of a new monarch from the north-a safo and easy interpretation, considering the adancet age and declining health of the illustrious Elizabecth, togcther with the knon appointment of her successor, Jamcs of fScotland.",1.9075630252100841
"Crowds were collected in the open places, watching the      wonders in the heavens, and drawing auguries from them, chiefly sinister, for most of the      beholders thought the signs portended the speedy death of the queen, and the advent of a new      monarch from the north—a safe and easy interpretation, considering the advanced age and      declining health of the illustrious Elizabeth, together with the known appointment of her      successor, James of Scotland.","Lights glimmered in most windows, revealing the holly-sprigs and lanrel-leacs stuck thickly in thleir diamond panes; wlile, whenever as dor wus opened, n ruddy gleam burst across the strcet; and a glance inside the dwelling showed its inmates either gathered round tho glowing hearth, oecupicd in mirthful sports-fox-i'-th'hole, blind-nan's-buff, or shoe-the-marc-or seated at tho mple board grouning with Christmas checr.",0.7574468085106383
"Notwithstanding the early habits of the times, few persons had retired to rest, an universal      wish prevailing among the citizens to see the new year in, and welcome the century accompanying      it.","Notwithstanding the early halits of the times, few persons had retired to rcst, an uniersal wish prevailing among thc citizens to see the ncew year in, and welcome the centnry nccompanying it.",0.08415841584158416
"Lights glimmered in most windows, revealing the holly-sprigs and laurel-leaves stuck      thickly in their diamond panes; while, whenever a door was opened, a ruddy gleam burst across      the street, and a glance inside the dwelling showed its inmates either gathered round the      glowing hearth, occupied in mirthful sports—fox-i’-th’-hole, blind-man’s buff, or      shoe-the-mare—or seated at the ample board groaning with Christmas cheer.","with ribands and rosemary, and filled with a drink called ``lamb's-wool,'' composed of sturdy ale, smeetenel with sugar, spiced with nutmeg, and haing toasts and burt erabs floating within it,-a dranght from which seldom brought its pretty bcarers less than a groat, and occasionally a more valuable eoin.",0.7364864864864865
"Music and singing were heard at every corner, and bands of comely damsels, escorted by their      sweethearts, went from house to house, bearing huge brown bowls dressed with ribands and      rosemary, and filled with a drink called “lamb’s-wool,” composed of sturdy ale, sweetened with      sugar, spiced with nutmeg, and having toasts and burnt crabs floating within it—a draught from      which seldom brought its pretty bearers less than a groat, and occasionally a more valuable      coin.","MInsie nnd singing were henrd at eery coruer, and bnnds of comly damsels, escorted by their sweethearts, went Irom house to honse, bearing tage brown bowls dressed ---------------------DR.",0.6882591093117408
Such was the vigil of the year sixteen hundred.,Such wns the igil of thoe year Sixteen Hundred.,0.10638297872340426
"On this night, and at the tenth hour, a man of striking and venerable appearance was seen to      emerge upon a small wooden balcony, projecting from a bay-window near the top of a picturesque      structure situated at the southern extremity of London Bridge.","On this night, and at the tenth hour, a man of striking and venerable appearanee wns sccn to emerge upon a small wooden balcony, projecting from a bay-window near the top of a picturesque structure situated at the southcrn extremity of London-bridge.",0.06538461538461539
"The old man’s beard and hair were as white as snow—the former descending almost to his      girdle; so were the thick, overhanging brows that shaded his still piercing eyes.",The old man's bcard and air were as white as snowthe former descending almost to his girdle; so were th thick oerhanging brows thmt shaded lis still piercing eyes.,0.08092485549132948
"His forehead      was high, bald, and ploughed by innumerable wrinkles.","His forehead was high, bald, and ploughed by innumerable rinkles.",0.08450704225352113
"His countenance, despite its death-like      paleness, had a noble and majestic cast; and his figure, though worn to the bone by a life of      the severest study, and bent by the weight of years, must have been once lofty and commanding.","IIis countenance, despito its dentl-lika pualeness, had a noble and nsjestic cnst, ani his figure, though worn to the bone by as life of the seerest stnuy, nud bent by the woight of yenrs, must hase been once lofty and commauding.",0.13445378151260504
"His dress consisted of a doublet and hose of sad-coloured cloth, over which he wore a loose      gown of black silk.","His dress consisted of n doublet and hose of sad-coloured cloth, over which he wore a loose govn of blaek silk.",0.06896551724137931
"His head was covered by a square black cap, from beneath which his silver      locks strayed over his shoulders.","HIis head was coered by a square bluck cap, from eneath whieh his silser locks strayed oer his shoulders.",0.10714285714285714
"Known by the name of Doctor Lamb, and addicted to alchemical and philosophical pursuits, this      venerable personage was esteemed by the vulgar as little better than a wizard.","Inown by the name of Doctor Lamb, and addieted to alchemicnl and philosophical pursuits, this vrenerable personage was esteemed by the vulgar as little better than a wizard.",0.05084745762711865
Strange tales      were reported and believed of him.,Strange tales were reported and believed of him.,0.09433962264150944
"Amongst others, it was said that he possessed a familiar,      because he chanced to employ a deformed, crack-brained dwarf, who assisted him in his      operations, and whom he appropriately enough denominated Flapdragon.","Mmongst others, it was said that he possessed a familiar, because he chanced to employ a deformod, eraek-brained dwarf, who assisted him in his operations, and wlom he appopriately enongh denominated Flapdragon.",0.07657657657657657
"Doctor Lamb’s gaze was fixed intently upon the heavens, and he seamed to be noting the      position of the moon with reference to some particular star.","Doctor Lamb's gaze was fixed iutently upon the heaens, nnd he seemed to be notiug the position of the moon with referencoe to some particular star.",0.07894736842105263
"After remaining in this posture for a few minutes, he was about to retire, when a loud crash      arrested him, and he turned to see whence it proceeded.","Mfter remaining in tis posture for a few minutes, he was about to retire, when a loud crash arrested him, and he turned to see whence it proceeded.",0.0457516339869281
"Immediately before him stood the Southwark Gateway—a square stone building, with a round,      embattled turret at each corner, and a flat leaden roof, planted with a forest of poles,      fifteen or sixteen feet high, garnished with human heads.","Immeliately before him stood the Southwark Gateaya equare stons building, with a ronnd, embattlod turret at enach corner, and a flat, leaden roof, planted with a forest of poles, fifteen or sixteen feet high, garnished with human henls.",0.08536585365853659
"To his surprise, the doctor perceived      that two of these poles had just been overthrown by a tall man, who was in the act of stripping      them of their grisly burdens.","To his surprise, the doctor perceied thnt two of these poles had just been overthrown by a tall man, who was in the act of stripping thn of their grisly burdens.",0.08092485549132948
"Having accomplished his object, the mysterious plunderer thrust his spoil into a leathern bag      with which he was provided, tied its mouth, and was about to take his departure by means of a      rope-ladder attached to the battlements, when his retreat was suddenly cut off by the      gatekeeper, armed with a halberd, and bearing a lantern, who issued from a door opening upon      the leads.","Having accomplished his olject, the mysterious plunlerer thrust his spoil into a leathern bag with hich he was provided, tied its mouth, and was about to take his departur by means of a rope-ladder attached to the battlements, when his retreat was suldenly cut off by the gutekeeper, armed with a halberd, and bearing a lantern, ho issued from a door opening upon the lcads.",0.07052896725440806
"The baffled marauder looked round, and remarking the open window at which Doctor Lamb was      stationed, hurled the sack and its contents through it.","The baffled marauder looked round, and remarking the open winlow at which bDoctor Lnmb was stationed, hurledl the sacek and its contents tlrough it.",0.07333333333333333
"He then tried to gain the ladder, but      was intercepted by the gatekeeper, who dealt him a severe blow on the head with his halberd.","IIo then triodl to gain the ladder, but was intercepted by the gntckceper, who dealt him n svere blow on the head with his halberd.",0.1111111111111111
"The plunderer uttered a loud cry, and attempted to draw his sword; but before he could do so,      he received a thrust in the side from his opponent.","Tho plunderer uttered a loud cry, and attempted to draw his sword; but before he could do so, hoe received a thrust in the side from his opponent.",0.04666666666666667
"He then fell, and the gatekeeper would have      repeated the blow, if the doctor had not called to him to desist.","Ho thon fell, and the gatekeeper wonld hare repeated the blow, if tho doctor had not called to him to desist.",0.08771929824561403
"“Do not kill him, good Baldred,” he cried.","Do not kill him, good Baldred,'' he eried.",0.09523809523809523
“The attempt may not be so criminal as it appears.,Th attempt may not be so criminal as it appears.,0.04
"Doubtless, the mutilated remains which the poor wretch has attempted to carry off are those of      his kindred, and horror at their exposure must have led him to commit the offence.”     “It may be, doctor,” replied Baldred; “and if so I shall be sorry I have hurt him.","Doubtless, the mntilatel remains which tho poor wretch has attempted to cnrry off, are those of his kindred, and horror at their exposure must have led him to commit tho offence.''",0.36666666666666664
"But I am      responsible for the safe custody of these traitorous relics, and it is as much as my own head      is worth to permit their removal.”     “I know it,” replied Doctor Lamb; “and you are fully justified in what you have done.","I ill do my part as gently as I can.'' And as tle alclemnist taok up the weapon, and disappeared thirough the window, the gatekceper liftel tho wounded man by te shoulders, and conveyed him down a narrow winding staircase to a lower chambcr.",0.8059071729957806
"It may      throw some light upon the matter, to know whose miserable remains have been disturbed.”     “They were the heads of two rank papists,” replied Baldred, “who were decapitated on Tower      Hill, on Saint Nicholas’s Day, three weeks ago, for conspiring against the queen.”     “But their names?” demanded the doctor.","They were tho heads of two rank papists,'' replied Bualdred,  who were deeapitatel on ower Hill, on Saint Nicholas's day, three weeks ago, for conspiring against tha qucen.''",0.5122699386503068
"“How were they called?”     “They were father and son,” replied Baldred—“Sir Simon Darcy and Master Reginald Darcy.","How were they called 7''  They wero father and son,'' replied Baldred ;-: Sir Simon Darey and Master Reginald Darey.",0.14782608695652175
"Perchance they were known to your worship?”     “Too well—too well!” replied Doctor Lamb, in a voice of emotion that startled his hearer.","Perchanea tey were known to your worship 7'' e Too well-too well 1'' repliel Doctor Lamb, in a voice of emotion, that startled his hcarcr.",0.13138686131386862
“They were near kinsmen of mine own.,"Tho doctor passes for a cunning ma, but if he cnn cure this poor youth without sceing him, by tho help of his sympathetic ointment, I shall begin to believe, what some folks aouch, that he has relations with the levil.'",5.333333333333333
"What is he like who has made this strange attempt?”     “Of a verity, a fair youth,” replied Baldred, holding down the lantern.","Wht is he lilo wlo has mado tlis strange attempt ''  Of a rerity, a fair youth,'' rcplie1 Daldrcd, lolding down the lantern.",0.14960629921259844
“Heaven grant I have      not wounded him to the death!,"Ieaen grant I lao not wounded im to the death1 No, his heart still bcats.",0.7272727272727273
"No, his heart still beats.","Now that the countenance of tho yonth had regained its original expression, the gatekeeper could not help being struek hy its extreme beanty.",4.576923076923077
Ha!,"I know it,'' replied Doctor Lamb; ``and you are fully justified in what you have done.",28.333333333333332
"here are his tablets,” he added,      taking a small book from his doublet; “these may give the information you seek.","IIa1 hera ar his tablets,'' ho adled, taking a small book from his loublet; `' these may gie tho information you seek.",0.18803418803418803
"You were right      in your conjecture, doctor.","Yon wero right in your conjccture, doctor.",0.1702127659574468
"The name herein inscribed is the same as that borne by the      others—Auriol Darcy.”     “I see it all,” cried Lamb.",Tho namo herein inscribed is the same as that torne by tho others-Auriol Darey.'',0.37606837606837606
“It was a pious and praiseworthy deed.,It was a pious and praiseworthy deed.,0.02631578947368421
"Bring the unfortunate      youth to my dwelling, Baldred, and you shall be well rewarded.","DBring the unfortunate youth to my dwelling, Daldred, and you shall be well rcwardel.",0.10112359550561797
"Use despatch, I pray you.”     As the gatekeeper essayed to comply, the wounded man groaned deeply, as if in great pain.","Use despatch, I pray you.'' As the gatekceper essayed to coply, the wonnded man groanel deeply, as if in great pain.",0.075
"“Fling me the weapon with which you smote him,” cried Doctor Lamb, in accents of      commiseration, “and I will anoint it with the powder of sympathy.","Fling me the wcapon with which you smoto lim,'' ericd Doctor Lamb, in accents of commiseration, `'`and I ill anoint it ith the powder of sympathy.",0.11920529801324503
"His anguish will be speedily      abated.”     “I know your worship can accomplish wonders,” cried Baldred, throwing the halberd into the      balcony.","eI kow your worship can accomplish onlers,'' oried aldred, tlrowing the halberd into the baleony.",0.40397350993377484
"“I will do my part as gently as I can.”     And as the alchemist took up the weapon, and disappeared through the window, the gatekeeper      lifted the wounded man by the shoulders, and conveyed him down a narrow, winding staircase to a      lower chamber.","Tho doctor passes for a cunning ma, but if he cnn cure this poor youth without sceing him, by tho help of his sympathetic ointment, I shall begin to believe, what some folks aouch, that he has relations with the levil.'",0.74609375
"Though he proceeded carefully, the sufferer was put to excruciating pain; and      when Baldred placed him on a wooden bench, and held a lamp towards him, he perceived that his      features were darkened and distorted.","Though ho proccedd carefully, the sufferer was put to excraciating pain; nnl when Daldred placed him en a wooden bench, and held DB.",0.4383561643835616
"“I fear it’s all over with him,” murmured the gatekeeper; “I shall have a dead body to take      to Doctor Lamb.","I fenr it's all over with lim,'' mnrmured the gatekeeper; eI hall hae a dead body to take to Doctor Lamb.",0.13392857142857142
"It would be a charity to knock him on the head, rather than let him suffer      thus.","It wonld bo a charity to knoek him on the head, rather thn let him suffer thus.",0.10588235294117647
"The doctor passes for a cunning man, but if he can cure this poor youth without seeing      him, by the help of his sympathetic ointment, I shall begin to believe, what some folks avouch,      that he has relations with the devil.”     While Baldred was ruminating in this manner, a sudden and extraordinary change took place in      the sufferer.","Let me remain in this state if you have any pity-or despatch me, for my late ngony was almost insupportable,''  You are cnred for by one who hns greater skill than any chirurgeon in London,'' replied Buldred.",0.7262247838616714
"As if by magic, the contraction of the muscles subsided; the features assumed a      wholesome hue, and the respiration was no longer laborious.","As if by mngic, the contraction of tho muscles subsided; the features assumed n wholesome hue, and the rcspiration was no longer laborious.",0.0625
Baldred stared as if a miracle had      been wrought.,Daldred stared as if a miracle had been wronght.,0.1320754716981132
"Now that the countenance of the youth had regained its original expression, the gatekeeper      could not help being struck by its extreme beauty.","Now that the countenance of tho yonth had regained its original expression, the gatekeeper could not help being struek hy its extreme beanty.",0.0684931506849315
"The face was a perfect oval, with regular      and delicate features.","The fuce was a pcrfect oal, with regular and delicate featurces.",0.13043478260869565
"A short silken moustache covered the upper lip, which was short and      proud, and a pointed beard terminated the chin.","A short silken moustache covered the uppcr lip, which was short and prul, and a pointedl bearl terminated the chin.",0.08333333333333333
"The hair was black, glossy, and cut short, so      as to disclose a highly intellectual expanse of brow.","The hair was blacl, glossy, and cut short, so as to lisclose a highly intellectnal cxpanse of brow.",0.08653846153846154
"The youth’s figure was slight, but admirably proportioned.","Tho youtl's figure was slight, but atmirably proportioned.",0.06896551724137931
"His attire consisted of a black      satin doublet, slashed with white, hose of black silk, and a short velvet mantle.","His attire consisted of a blaek satin doublet, slashed with white, hose of black silk, and a slort velet mantle.",0.06779661016949153
"His eyes were      still closed, and it was difficult to say what effect they might give to the face when they      lighted it up; but notwithstanding its beauty, it was impossible not to admit that a strange,      sinister, and almost demoniacal expression pervaded the countenance.","notwithstanding its beauty, it was impossible not to admit that a strange, sinister, and almost demoniacal expression peraded the conntenance.",0.5017667844522968
"All at once, and with as much suddenness as his cure had been effected, the young man      started, uttering a piercing cry, and placed his hand to his side.","All at once, and with nas much suddenness as his cure had bcen effected, the young man started, uttering a pierciug ery, and placed his hand to his sido.",0.06369426751592357
"“Caitiff!” he cried, fixing his blazing eyes on the gatekeeper, “why do you torture me thus?","Citif1' he cried, fixing his blazing eyes on the gatekeeper, `` why do you torture me thus?",0.08695652173913043
"Finish me at once—Oh!”     And overcome by anguish, he sank back again.","Finish me at onco -Oh' And overeome by anguish, he sank back again.",0.14084507042253522
"“I have not touched you, sir,” replied Baldred.","Let me remain in this state if you have any pity-or despatch me, for my late ngony was almost insupportable,''  You are cnred for by one who hns greater skill than any chirurgeon in London,'' replied Buldred.",3.574468085106383
“I brought you here to succour you. You will      be easier anon.,"By tho wuy, the doctor declares he is your kinsman,''  It is the first I ever heard of lim,' replied Auriol, fuintly; ""but take me to him quickly, or it will bo too late'' In another moment they were at the doetor's door.",2.707692307692308
"Doctor Lamb must have wiped the halberd,” he added to himself.","Doctor Lmb must have wiped the hallerd,'' he added to limself.",0.08064516129032258
Another sudden change.,Another sudden change.,0.0
"The pain fled from the sufferer’s countenance, and he became easy as      before.","Tho pain led from the sufferer's countenance, and he became easy ae before.",0.1111111111111111
"“What have you done to me?” he asked, with a look of gratitude; “the torture of my wound has      suddenly ceased, and I feel as if a balm had been dropped into it.","What hao you done to me1'' ho asked, with a look of gratitudo; ` tlo torture of my wound has suddenly ceased, and I feel ass if a bnlm had been dropped into it.",0.11585365853658537
"Let me remain in this state      if you have any pity—or despatch me, for my late agony was almost insupportable.”     “You are cared for by one who has greater skill than any chirurgeon in London,” replied      Baldred.","Baldred tapped against it, and tho summons was instantly aswered by a diminutive personage, clad in a jerkin of coarse grey serge, and having a leathern apron ticd round his waist.",0.740909090909091
"“If I can manage to transport you to his lodgings, he will speedily heal your      wounds.”     “Do not delay, then,” replied Auriol faintly; “for though I am free from pain, I feel that my      life is ebbing fast away.”     “Press this handkerchief to your side, and lean on me,” said Baldred.","e Do not delay, then,'' repliel Ariol, fsintly;  fo though I am free from pain, I feel that my life is ebbing fast away.''",0.6203389830508474
"“Doctor Lamb’s dwelling      is but a step from the gateway—in fact, the first house on the bridge.","Doctor Lamb's dwelling is but a step from the gateway-in fact, the first house on the bridge.",0.08080808080808081
"By the way, the doctor      declares he is your kinsman.”     “It is the first I ever heard of him,” replied Auriol faintly; “but take me to him quickly,      or it will be too late.”     In another moment they were at the doctor’s door.","Sce, he las fainted alrealy I'' Thus urged, the dwarf laid down tho halberd, and botween the to, Aunriol was speedily conveyed up a wide oaken staircase to the laboratory.",0.7257383966244726
"Baldred tapped against it, and the summons      was instantly answered by a diminutive personage, clad in a jerkin of coarse grey serge, and      having a leathern apron tied round his waist.","Doctor Lamb was plying the bellows at tha furnace, on wlich a large alembic was placel, and he was so engrossel by his task, that le scnrccly noticed the entrance of the others.",0.7539267015706806
This was Flapdragon.,This was Flapdragon.,0.0
"Blear-eyed, smoke-begrimed, lantern-jawed, the poor dwarf seemed as if his whole life had      been spent over the furnace.","Blear-eyed, smoke- begrimel, lantern-javed, the poor dwarf seemed as if his whole life had been spent over the furnace.",0.06504065040650407
"And so, in fact, it had been.","And so, in fact, it had been.",0.0
He had become little better than a      pair of human bellows.,He had become little better than a pair of human bellows.,0.08064516129032258
In his hand he held the halberd with which Auriol had been wounded.,In his hand he hcld the halberd with which Auriol had been wounded.,0.014925373134328358
"“So you have been playing the leech, Flapdragon, eh?” cried Baldred.","So you hae been plasying the lcech, Flapdragon, eh7'' cried Baldred.",0.10294117647058823
"“Ay, marry have I,” replied the dwarf, with a wild grin, and displaying a wolfish set of      teeth.","Casting a furtire glance round the laboratory, anl shrugging his slonllers, Baldrel departed; and FInpdragon laing bathed tho sufferer's temples with the decoction, in obelience to his mastcr's injunctions, turned to inquirs wht he should do next.",1.93
“My master ordered me to smear the halberd with the sympathetic ointment.,"Sce, he las fainted alrealy I'' Thus urged, the dwarf laid down tho halberd, and botween the to, Aunriol was speedily conveyed up a wide oaken staircase to the laboratory.",1.726027397260274
"I obeyed him:      rubbed the steel point, first on one side, then on the other; next wiped it; and then smeared      it again.”     “Whereby you put the patient to exquisite pain,” replied Baldred; “but help me to transport      him to the laboratory.”     “I know not if the doctor will care to be disturbed,” said Flapdragon.","Whereby you put the patient to exquisite pain,'' replied Baldred; ` but help me to transport him to the laboratory.''",0.6676829268292683
"“He is busily engaged      on a grand operation.”     “I will take the risk on myself,” said Baldred.","Arond it, were as ram's horn, a pair of forceps, a roll of parchment, a pestle anl mortar, and a large plato of copper, graen with the mysterious smbols of the Isaicnl table.",1.2673267326732673
“The youth will die if he remains here.,youth ill die if le remains here.,0.1794871794871795
"See,      he has fainted already!”     Thus urged, the dwarf laid down the halberd, and between the two, Auriol was speedily      conveyed up a wide oaken staircase to the laboratory.","Doctor Lamb was plying the bellows at tha furnace, on wlich a large alembic was placel, and he was so engrossel by his task, that le scnrccly noticed the entrance of the others.",0.7431693989071039
"Doctor Lamb was plying the bellows at the      furnace, on which a large alembic was placed, and he was so engrossed by his task that he      scarcely noticed the entrance of the others.","On a table, at the farther end of tle room, stood n large open volume, with parchment leaves, covered with cabalistical characters, refcrring to the names of spirits.",0.7043010752688172
"“Place the youth on the ground, and rear his head against the chair,” he cried, hastily, to      the dwarf.","laeoe the youth on the ground, and rear his head aginst the chair,'' he eried, hastily, to thoe dwarf.",0.1308411214953271
“Bathe his brows with the decoction in that crucible.,Batha his brows with the decoction in that crucible.,0.03773584905660377
I will attend to him anon.,I will attend to him anon.,0.0
"Come to me on the morrow, Baldred, and I will repay thee for thy trouble.","Come to me on the morrow, Ballred, and I ill repay thee for thy trouble.",0.0273972602739726
"I am busy now.”     “These relics, doctor,” cried the gatekeeper, glancing at the bag, which was lying on the      ground, and from which a bald head protruded—“I ought to take them back with me.”     “Heed them not—they will be safe in my keeping,” cried Doctor Lamb impatiently;      “to-morrow—to-morrow.”     Casting a furtive glance round the laboratory, and shrugging his shoulders, Baldred departed;      and Flapdragon having bathed the sufferer’s temples with the decoction, in obedience to his      master’s injunctions, turned to inquire what he should do next.","Theso relics, doctor,'' criedi the gatekeeer, glancing at the bag, which was lying on the ground, and from wiich a bald head protruded-I ought to take them back with me.''",0.7185314685314685
"“Begone!” cried the doctor, so fiercely that the dwarf darted out of the room, clapping the      door after him.","Degonel'' cried the doctor, so fioreoel that tho dwarf darted out of the room, clapping tha door after him.",0.14285714285714285
"Doctor Lamb then applied himself to his task with renewed ardour, and in a few seconds became      wholly insensible of the presence of a stranger.","Doctor Lamb then applied himsolf to his task with reneved ardour, and in a few seconds became wlolly inscnsible of the presence of a stranger.",0.061224489795918366
"Revived by the stimulant, Auriol presently opened his eyes, and gazing round the room,      thought he must be dreaming, so strange and fantastical did all appear.","Revied by the stimulant, Anriol presently opened his eyes, and gazing round the room, tlought he must be dreaming, so strange and fantastical did all appear.",0.049079754601226995
"The floor was covered      with the implements used by the adept—bolt-heads, crucibles, cucurbites, and retorts, scattered      about without any attempt at arrangement.","The floor was coered with the implements nsed by the adeptbolt-heads, crucibles, cucnrbites, and retorts, scattered abont without any attempt at arrangement.",0.08875739644970414
"In one corner was a large terrestrial sphere: near it      was an astrolabe, and near that a heap of disused glass vessels.",In one corner was a large terrestrial sphere; near it was an astrolabe; and nenar that a heap of disused glass essels.,0.07317073170731707
"On the other side lay a black,      mysterious-looking book, fastened with brazen clasps.","On the other sile, lay s black, mysterions-looking book, fastened with brazen clasps.",0.10112359550561797
"Around it were a ram’s horn, a pair of      forceps, a roll of parchment, a pestle and mortar, and a large plate of copper, graven with the      mysterious symbols of the Isaical table.","Arond it, were as ram's horn, a pair of forceps, a roll of parchment, a pestle anl mortar, and a large plato of copper, graen with the mysterious smbols of the Isaicnl table.",0.10270270270270271
"Near this was the leathern bag containing the two      decapitated heads, one of which had burst forth.","Nenr this was the leathern bag containing the two decapitated heals, one of which hal burst forth.",0.07766990291262135
"On a table at the farther end of the room,      stood a large open volume, with parchment leaves, covered with cabalistical characters,      referring to the names of spirits.","On a table, at the farther end of tle room, stood n large open volume, with parchment leaves, covered with cabalistical characters, refcrring to the names of spirits.",0.08
"Near it were two parchment scrolls, written in letters,      respectively denominated by the Chaldaic sages, “the Malachim,” and “the Passing of the River.”      One of these scrolls was kept in its place by a skull.","Ncnar it were two parchment scrolls, wvritten in letters, respectively denominated by the Challaie sages, '` the Malachim,'' and ` the Passing of the River.''",0.3611111111111111
"An ancient and grotesque-looking brass      lamp, with two snake-headed burners, lighted the room.","An ancient and grotesquc-looking brass lamp, with two snake-healed burners, lighted th room.",0.08163265306122448
"From the ceiling depended a huge scaly      sea-monster, with outspread fins, open jaws garnished with tremendous teeth, and great goggling      eyes.","From the eciling depended a huge scaly sea-monster, with outspreal fins, open jaws, garnishel with tremendous teeth, and great goggling eyes.",0.1
Near it hung a celestial sphere.,Near it hung a celestial sphere.,0.0
"The chimney-piece, which was curiously carved, and      projected far into the room, was laden with various implements of hermetic science.","The chimney-piece, which was curiously cared, and projected far inlo the room, mas laden with various implements of Hermetie science.",0.07194244604316546
"Above it      were hung dried bats and flitter-mice, interspersed with the skulls of birds and apes.","Aboe it were hung dried bats and flitter-mice, interspersed with the sklls of birds AUHIOL.",0.15
"Attached      to the chimney-piece was a horary, sculptured in stone, near which hung a large starfish.","Attached to the chimney-piece was a horary, sculptured in stone, near which hung a large stsr-fish.",0.06796116504854369
"The      fireplace was occupied by the furnace, on which, as has been stated, was placed an alembic,      communicating by means of a long serpentine pipe with a receiver.","Tua fireplace was oceupied by thoe furnace, on which, as has been stated, was placed an alembic, communicating by means of a long serpentine pipe with a receier.",0.08771929824561403
"Within the room were two      skeletons, one of which, placed behind a curtain in the deep embrasure of the window, where its      polished bones glistened in the white moonlight, had a horrible effect.","Within the room were two skeletons, one of which, placed behind a curtain in the deep embrasure of the window, where its polished bones glistened in the whito moonlight, had a horriblo effect.",0.0594059405940594
"The other enjoyed more      comfortable quarters near the chimney, its fleshless feet dangling down in the smoke arising      from the furnace.","The other enjoyed more comfortalle quarters near the chimney, its leshless feet dangling down in the smoka arising from the furnace.",0.09090909090909091
"Doctor Lamb, meanwhile, steadily pursued his task, though he ever and anon paused, to fling      certain roots and drugs upon the charcoal.","Doctor Lamb, meanwhile, steadily pursned his task, though he ever and anon paused, to fling certain roots and drugs upon the clarcoal.",0.050359712230215826
"As he did this, various-coloured flames broke      forth—now blue, now green, now blood-red.","As he did this, various-coloured flames broke forth-now blue, now green, now blood-red.",0.06521739130434782
"Tinged by these fires, the different objects in the chamber seemed to take other forms, and      to become instinct with animation.","Tiuged by these fires, the diflerent objects in the chamber seemed to take othoer forms, and to become instinct with animation.",0.061068702290076333
"The gourd-shaped cucurbites were transformed into great      bloated toads bursting with venom; the long-necked bolt-heads became monstrous serpents; the      worm-like pipes turned into adders; the alembics looked like plumed helmets; the characters on      the Isaical table, and those on the parchments, seemed traced in fire, and to be ever changing;      the sea-monster bellowed and roared, and, flapping his fins, tried to burst from his hook; the      skeletons wagged their jaws, and raised their fleshless fingers in mockery, while blue lights      burnt in their eyeless sockets; the bellows became a prodigious bat fanning the fire with its      wings; and the old alchemist assumed the appearance of the archfiend presiding over a witches’      sabbath.","Composed of the lunar stones, the solar stones, and the mercurial stones-preparetd according to the instructions of the Ruabbi Ben Lucca,-namely, by the separation of the pure from the impure, the volatilisation of the fixed, and the fixing of the olatile; this elixir shall renew my youth, like that of the eagle, and give me length of days greater than any patriarch ever enjoyed.''",0.7323759791122716
"Auriol’s brain reeled, and he pressed his hand to his eyes, to exclude these phantasms from      his sight.","Auriol's brain reeled, and he pressed his hand to his eyes, to exclude these phantasms from his sight.",0.056074766355140186
But even thus they pursued him; and he imagined he could hear the infernal riot      going on around him.,But even thus they pursued him; and he imagired hoe could hear the infernal riot going on around him.,0.06666666666666667
"Suddenly, he was roused by a loud joyful cry, and, uncovering his eyes, he beheld Doctor Lamb      pouring the contents of the matrass—a bright, transparent liquid—into a small phial.","Suddenly, he was roused by a loud joyful cry, and, uncovering his eyes, he behoeld Doctor Lamb pouring the contecnts of the matrass-a bright, transparent liquid-into a small phial.",0.04918032786885246
"Having      carefully secured the bottle with a glass stopper, the old man held it towards the light, and      gazed at it with rapture.","Having carefully secured the bottlo with a glass stopper, the old man held it towards the light, and gazed at it with rapture.",0.08088235294117647
"“At length,” he exclaimed aloud—“at length, the great work is achieved.","`At length,'' he exclaimed aloud-'` at length, the great work is achieed.",0.11267605633802817
"With the birth of the      century now expiring I first saw light, and the draught I hold in my hand shall enable me to      see the opening of centuries and centuries to come.","With the birth of tle centary now expiring I first sasw light, and the draught I hold in my hand shiall enable me to see the opening of centuries and centuries to coe.",0.08522727272727272
"Composed of the lunar stones, the solar      stones, and the mercurial stones—prepared according to the instructions of the Rabbi Ben      Lucca—namely, by the separation of the pure from the impure, the volatilisation of the fixed,      and the fixing of the volatile—this elixir shall renew my youth, like that of the eagle, and      give me length of days greater than any patriarch ever enjoyed.”     While thus speaking, he held up the sparkling liquid, and gazed at it like a Persian      worshipping the sun.","thought1 Ia1 I bethink me, the rabbi said there was one peril against whieh the elixir could not guard me-one vulnerable point, by which, like the heel of Achilles, death might reach me1 What is i 1-where can it lie7'' And he relapsed into deep thought.",0.7320388349514563
"“To live for ever!” he cried, after a pause—“to escape the jaws of death just when they are      opening to devour me!—to be free from all accidents!—’tis a glorious thought!","To live for eer1'' he cried, after a pause-`` to escape the jaws of death just when they are opening to deour me 1-to he free from all aecidents 1-'tis a glorious  14 AIIOL.",0.19540229885057472
Ha!,"Ha1'' cxelaimed the doctor, suddenly recollecting the wounded man, and concealing tle phial beneath his gon.",35.333333333333336
"I bethink me,      the rabbi said there was   one   peril against which the elixir could not guard       me—  one   vulnerable point, by which, like the heel of Achilles, death might reach me!","I am the possessor of thc wondrons secret, which the greatest plilosophers of all ages hae songht to discover--the miraculous preserutive of tho boly against deeay.''",0.75
What is it!—where can it lie?”     And he relapsed into deep thought.,I hae dovoted myself to abstrusest science; hae held commune with tho stars; and have wrested the most hidden seerets from Nature-but that is all.,1.565217391304348
"“This uncertainty will poison all my happiness,” he continued; “I shall live in constant      dread, as of an invisible enemy.","IThis uncertainty will poison all my happiness,'' he continued; ` I shall lie in constant dread, as of an invisible enemy.",0.0873015873015873
But no matter!,"Dut no matterl Perpetunl lifo l-perpetual youth 1-what more ueed be desiroed 7''  Wwhat more, indeed 1'' cried Auriol.",7.571428571428571
"Perpetual life!—perpetual youth!—what more need      be desired?”     “What more, indeed!” cried Auriol.","e It is true that I fled, and took the name I bear at present,'' replied the old mnn, ``bnt I need scarcely sasy that tho charge brought against me was false.",1.1442307692307692
"“Ha!” exclaimed the doctor, suddenly recollecting the wounded man, and concealing the phial      beneath his gown.","Look at that ghastly relic,'' he added, pointing to the head protruding from the bag, "" that was onco my son fSimon.",0.8070175438596491
"“Your caution is vain, doctor,” said Auriol.","e Yonr caution is vnin, doctor,'' snid Auriol.",0.1590909090909091
“I have heard what you have uttered.,"e It is true that I fled, and took the name I bear at present,'' replied the old mnn, ``bnt I need scarcely sasy that tho charge brought against me was false.",3.6666666666666665
You fancy      you have discovered the   elixir vitæ  .”     “Fancy I have discovered it!” cried Doctor Lamb.,I hae dovoted myself to abstrusest science; hae held commune with tho stars; and have wrested the most hidden seerets from Nature-but that is all.,1.0091743119266054
“The matter is past all doubt.,"at the mystio characters, as he explained theire import What isions floated beforo me of perpetnal yontl and ene joymcnt.",3.2333333333333334
"I am the      possessor of the wondrous secret, which the greatest philosophers of all ages have sought to      discover—the miraculous preservative of the body against decay.”     “The man who brought me hither told me you were my kinsman,” said Auriol.","One night, he showel me that olume, and, poiuting to a page within it, said:  Those characters contain the secret of confecting the elixir of Iife.",0.7598425196850394
"“Is it so?”     “It is,” replied the doctor, “and you shall now learn the connection that subsists between      us.","IIis blood fell upon the book, and obliternted tho characters; nor could I by any effort of memory recal the composition of the elixir.''",0.8956521739130435
"Look at that ghastly relic,” he added, pointing to the head protruding from the bag: “that      was once my son Simon.","Witl this, he unfolded the myster; but he bade e observe, that the menstrunm was defective on one point.",0.7372881355932204
"His son’s head is within the sack—your father’s head—so that four      generations are brought together.”     “Gracious Heaven!” exclaimed the young man, raising himself on his elbow.",His son's hend is within the sack-yonr futher's head-so that four genemations are brought together.'',0.5027322404371585
"“You, then, are my      great-grandsire.","Yon, then, are my great-grandsire.",0.175
My father supposed you had died in his infancy.,My futher supposed you had died in his infancy.,0.02127659574468085
"An old tale runs in the family      that you were charged with sorcery, and fled to avoid the stake.”     “It is true that I fled, and took the name I bear at present,” replied the old man, “but I      need scarcely say that the charge brought against me was false.","An old tale runs in the family that you were charged with sorcery, and fled to avoid the stake.''",0.6415094339622641
"I have devoted myself to      abstrusest science, have held commune with the stars, and have wrested the most hidden secrets      from Nature—but that is all.","Ror montls, I remained with him in his laboratory-working at the furnee, aud poring over mystic lore.",0.759493670886076
"Two crimes alone have stained my soul; but both, I trust, have      been expiated by repentance.”     “Were they deeds of blood?” asked Auriol.","To crimes alone have stained my soul, but both, I trust, hae been expiated by repentance.''",0.38461538461538464
"“One was so,” replied Darcy, with a shudder.","One was so,'' replied Darey, with a shudder.",0.09090909090909091
"“It was a cowardly and treacherous deed,      aggravated by the basest ingratitude.","'It was a cowardly and trcacherous deed, aggravated by the basest ingratitule.",0.0963855421686747
"Listen, and you shall hear how it chanced.","Listen, nnd yon shall hear low it chuanced.",0.09523809523809523
"A Roman rabbi,      named Ben Lucca, skilled in hermetic science, came to this city.","A Roman rabbi, named Ben Luccn, skilled in Hermetic science, came to this city.",0.08333333333333333
"His fame reached me, and I      sought him out, offering myself as his disciple.","His fame reached me, and I sought him out, offering myself as his disciple.",0.0625
"For months, I remained with him in his      laboratory—working at the furnace, and poring over mystic lore.","s We shall be no longer the great-grandsire and his descendant, but friends --companions-equals,-equals in age, strength, activity, beauty, fortune-for youth is fortnne-hal ha1 Methinks I am already yonng sgain l''  Yon spoke of two crimes with which yonr ceonscicnee was burdened,'' remarked Auriol.",2.2336448598130842
"One night he showed me that      volume, and, pointing to a page within it, said: ‘Those characters contain the secret of      confecting the elixir of life.","I have proceedel by calcitration, solution, putrefaction-hae produced the oils whiech will fix crudo mucrcuiry, and convert uall bodies into sol and luna; but I have over failed in fermenting the stono into the truo elixir.",1.0382165605095541
"I will now explain them to you, and afterwards we will proceed      to the operation.’ With this, he unfolded the mystery; but he bade me observe, that the      menstruum was defective on one point.","Fearful of again losing the secret, I nerved mysolf to the task, and placing fuel on the fire, dismissed my attendunt with brief injunctions relatie to you. I then set to work.",0.7575757575757576
"Wherefore, he said, ‘there will still be peril from some      hidden cause.’ Oh, with what greediness I drank in his words!","On glancing towards the mystic volame, what was my surprise to see the page free from blood 1' Auriol uttered a slight exclamation, and gazed at the book with superstitious awe.",1.065040650406504
"How I gazed at the mystic      characters, as he explained their import!","at the mystio characters, as he explained theire import What isions floated beforo me of perpetnal yontl and ene joymcnt.",1.1805555555555556
What visions floated before me of perpetual youth and      enjoyment.,"The other was not so foul as that I havo described,'' ]replied Darcy, in an altered tone, `` inasmuch as it wss unintentional, and oeeasioned by no base motie.",1.7681159420289856
"At that moment a demon whispered in my ear, ‘This secret must be thine own.","At that moment a demon whispered in my ear, -- This secret must be thine own.",0.04
"No one      else must possess it.’”     “Ha!” exclaimed Auriol, starting.","I did so; ul loubting thc efficacy of the experient, left it to work, hilo I went forth to breathe the air at my window.",1.273972602739726
"“The evil thought was no sooner conceived than acted upon,” pursued Darcy.","The eil thought was no sooner conceied than acted upon,'' pursued Darey.",0.08108108108108109
"“Instantly drawing      my poniard, I plunged it to the rabbi’s heart.","` Instantly drawing my poniard, I plunged it to the rabbi's cart.",0.14285714285714285
But mark what followed.,Dut mark vhat followed.,0.08695652173913043
"His blood fell upon the      book, and obliterated the characters; nor could I by any effort of memory recall the      composition of the elixir.”     “When did you regain the secret?” asked Auriol curiously.","IIis blood fell upon the book, and obliternted tho characters; nor could I by any effort of memory recal the composition of the elixir.''",0.375
"“To-night,” replied Darcy—“within this hour.","To-night,'' replied Darcy-`` within this hour.",0.1590909090909091
For nigh fifty years after that fatal night I      have been making fruitless experiments.,or nigh fifty years after that fatal night I haso been making fruitlcss experiments.,0.1
A film of blood has obscured my mental sight.,A film of blood has obscured my mnental sight.,0.022222222222222223
"I have      proceeded by calcitration, solution, putrefaction—have produced the oils which will fix crude      mercury, and convert all bodies into sol and luna; but I have ever failed in fermenting the      stone into the true elixir.","Having discovered our relationship, and enjoined the gatekeeper to bring yon hither, I returmaed to my old laboratory.",0.7446808510638298
"To-night, it came into my head to wash the blood-stained page      containing the secret with a subtle liquid.","s We shall be no longer the great-grandsire and his descendant, but friends --companions-equals,-equals in age, strength, activity, beauty, fortune-for youth is fortnne-hal ha1 Methinks I am already yonng sgain l''  Yon spoke of two crimes with which yonr ceonscicnee was burdened,'' remarked Auriol.",2.1454545454545455
"I did so; and doubting the efficacy of the      experiment, left it to work, while I went forth to breathe the air at my window.","Fearful of again losing the secret, I nerved mysolf to the task, and placing fuel on the fire, dismissed my attendunt with brief injunctions relatie to you. I then set to work.",0.953125
"My eyes were      cast upwards, and I was struck with the malignant aspect of my star.","I fed her upon the flosh of capons, nourished with vipers; cansed her to steep her loely limbs in baths distilled from roscs and violets; and hnd recourse to the most potent cosmcties.",1.5930232558139534
"How to reconcile this with      the good fortune which has just befallen me, I know not—but so it was.","Loe may again rule my heart-beauty may again dazzle my eyes, but I shall never moro feel the passion I entertained for my lost mice-neer more behold charms equal to hcrs'' And he pressed his hand to his face.",1.5392156862745099
"At this juncture, your      rash but pious attempt occurred.","4 I know not what stays my hand,'' said the old man, raising the phial; `' but now that immortality is in my reaeh, I dare not grasp it'' t Give mo the potion, then,'' eried Auriol.",2.433333333333333
"Having discovered our relationship, and enjoined the      gatekeeper to bring you hither, I returned to my old laboratory.","The other was not so foul as that I havo described,'' ]replied Darcy, in an altered tone, `` inasmuch as it wss unintentional, and oeeasioned by no base motie.",0.9672131147540983
"On glancing towards the mystic      volume, what was my surprise to see the page free from blood!”     Auriol uttered a slight exclamation, and gazed at the book with superstitious awe.","MIenantime, I bescech yon to render me somo assistance,'' groaned Auriol,  or, while you are preparing for immortality, I shall expire beforo your eyes.''",0.7783783783783784
"“The sight was so surprising that I dropped the sack I had brought with me,” pursued Darcy.","IThe sight was so surprising, that I dropped tle sack I ad brought with me,'' pursued Darey.",0.07692307692307693
"“Fearful of again losing the secret, I nerved myself to the task, and placing fuel on the fire,      dismissed my attendant with brief injunctions relative to you. I then set to work.",Conceive my despair at beholding the fair imsge of my idolatry destroyed-dofaeed by my hand.,0.7650273224043715
"How I have      succeeded, you perceive.","IHow I hae succeeded, you perceie.",0.2
I hold in my hand the treasure I have so long sought—so eagerly      coveted.,I hold in my hand tho treasure I have so long sought-so eagerly coveted.,0.09090909090909091
"The whole world’s wealth should not purchase it from me.”     Auriol gazed earnestly at his aged relative, but he said nothing.","Auriol gazed earnestly at his aged relative, but he said nothing.",0.4881889763779528
"“In a few moments I shall be as full of vigour and activity as yourself,” continued Darcy.","t In a few moments I shall be as full of rigour and aetivity as yourself,'' continued Darey.",0.07777777777777778
"“We shall be no longer the great-grandsire and his descendant, but      friends—companions—equals,—equals in age, strength, activity, beauty, fortune—for youth         is   fortune—ha!","At last I preparel a draught from poisons-yes, poisons-the effect of which I imagined would be wondrous.",0.7717391304347826
ha!,ITho whole world'a wealth shonld not purchase it from me.'',19.0
"Methinks I am already young again!”     “You spoke of two crimes with which your conscience was burdened,” remarked Auriol.","Like the snake, I shnll cast my slough, and come forth younger than I was at twenty.''",0.7560975609756098
"“You have      mentioned but one.”     “The other was not so foul as that I have described,” replied Darcy, in an altered tone,      “inasmuch as it was unintentional, and occasioned by no base motive.","e Oh, HIeaensl we shall both perish,'' slricked Dare, vainly endeaouring to raise lis palsied arm,-``perish with the blissful shore in view,'' And he sank backwards, and wonld hare fallen to th ground if he had not caught ut the terrestrial sphere for support.",0.9950248756218906
"My wife, your ancestress,      was a most lovely woman, and so passionately was I enamoured of her, that I tried by every art      to heighten and preserve her beauty.","4 I know not what stays my hand,'' said the old man, raising the phial; `' but now that immortality is in my reaeh, I dare not grasp it'' t Give mo the potion, then,'' eried Auriol.",0.8143712574850299
"I fed her upon the flesh of capons, nourished with vipers;      caused her to steep her lovely limbs in baths distilled from roses and violets; and had      recourse to the most potent cosmetics.","ITho old man seemed paralysed by the action, but kept his eye fied upon the youth till he had drained the elixir to the last drop.",0.7128205128205128
"At last I prepared a draught from poisons—yes,         poisons  —the effect of which, I imagined, would be wondrous.","MIenantime, I bescech yon to render me somo assistance,'' groaned Auriol,  or, while you are preparing for immortality, I shall expire beforo your eyes.''",0.9913793103448276
"She drank it, and expired      horribly disfigured.","Now for the trial-hal'' and, as he raised the potion towards his lips, a sudden pang shot aeross his henrt.",1.5686274509803921
Conceive my despair at beholding the fair image of my idolatry      destroyed—defaced by my hand.,"I will go forth into the world-I will bask in the smiles of beauty-I will feast, reel, sing-life shall be one perpetal ronnd of onjoyment.",1.0721649484536082
"In my frenzy I should have laid violent hands upon myself, if I      had not been restrained.","2 Can death assail me when I am just about to enter upon perpetual life7 IIelp me, good grandsonl Place the phial to my lips.",0.978494623655914
"Love may again rule my heart—beauty may again dazzle my eyes, but I      shall never more feel the passion I entertained for my lost Amice—never more behold charms      equal to hers.”     And he pressed his hand to his face.","An instant, and all will be well, e Think you I have done this for you 7'' cried Auriol, snatching the potion; `` no-no.''",0.7511111111111111
"“The mistake you then committed should serve as a warning,” said Auriol.","onr its contents domn my throat-quickI uick :''  I am too weak to stir,'' groaned Auriol.",0.8611111111111112
“What if it be      poison you have now confected?,"And, supporting himself against the furnace, he placed the phial to is lips, and eagerly drained its contents.",1.62
"Try a few drops of it on some animal.”     “No—no; it is the true elixir,” replied Darcy.","Dead-deadl FIlashes of light passed before Anriol's eyes, and strange noises smote his ears.",0.8202247191011236
“Not a drop must be wasted.,Not a drop must be wasted.,0.037037037037037035
You will witness      its effect anon.,You will witncss its effect anon.,0.15789473684210525
"Like the snake, I shall cast my slough, and come forth younger than I was at      twenty.”     “Meantime, I beseech you to render me some assistance,” groaned Auriol, “or, while you are      preparing for immortality, I shall expire before your eyes.”     “Be not afraid,” replied Darcy; “you shall take no harm.","Like the snake, I shnll cast my slough, and come forth younger than I was at twenty.''",0.7339743589743589
"I will care for you presently; and I      understand leechcraft so well, that I will answer for your speedy and perfect recovery.”     “Drink, then, to it!” cried Auriol.","leechcraft so well, that I will answer for or speedy anl perfect reeoery.''",0.5823529411764706
"“I know not what stays my hand,” said the old man, raising the phial; “but now that      immortality is in my reach, I dare not grasp it.”     “Give me the potion, then,” cried Auriol.","For a moment he was bewildered as with wine, and laughed and sang discordantly like a madman.",0.7771739130434783
"“Not for worlds,” rejoined Darcy, hugging the phial to his breast.","The glass vessels and jars clashed thoeir brittle sides together, yet remained uninjured; the furnace breathed fortl flames and mephitic apours; the spiral worm of the alembic becname red hot, and seemed filled with molten lend; the pipe of the bolt-head ran blood; tho sphere of the earth rolled along the floor, anl rebounded from the wall as if impelled by a giant hand; the skeletons grinned and gibbered; so did the death's-head on the table; so did the skulls against the chimney; the monstrous sea-fish belched forth firo and smoke; the bald decapitated head opened its eyes, and   .",8.166666666666666
“No; I will be young      again—rich—happy.,"An instant, and all will be well, e Think you I have done this for you 7'' cried Auriol, snatching the potion; `` no-no.''",2.2093023255813953
"I will go forth into the world—I will bask in the smiles of beauty—I will      feast, revel, sing—life shall be one perpetual round of enjoyment.","ITho old man seemed paralysed by the action, but kept his eye fied upon the youth till he had drained the elixir to the last drop.",0.7655172413793103
"Now for the trial—ha!” and,      as he raised the potion towards his lips, a sudden pang shot across his heart.","And, supporting himself against the furnace, he placed the phial to is lips, and eagerly drained its contents.",0.6936936936936937
"“What is this?”      he cried, staggering.","fixed them, with a stony glare, on the young man; while the dead alchemist shook his hand menacingly at him.",2.0
“Can death assail me when I am just about to enter upon perpetual life?,"For a moment he was bewildered as with wine, and laughed and sang discordantly like a madman.",0.9859154929577465
"Help me, good grandson!","And, by a great effort, he raised himself, and staggered towards the old man.",2.739130434782609
Place the phial to my lips.,"Dead-deadl FIlashes of light passed before Anriol's eyes, and strange noises smote his ears.",2.740740740740741
Pour its contents down my throat—quick!,Ponr it down my throat.,0.46153846153846156
"quick!”     “I am too weak to stir,” groaned Auriol.","He then nttered a piercing cry, threw up his arms, and fell heavily backwards.",1.2115384615384615
"“You have delayed it too long.”     “Oh, heavens!",W r--------a  hr liir ui tu lHc H i 545    t AL5-- 1.. 1 r;I .,1.0204081632653061
"we shall both perish,” shrieked Darcy, vainly endeavouring to raise his palsied      arm,—“perish with the blissful shore in view.”     And he sank backwards, and would have fallen to the ground if he had not caught at the      terrestrial sphere for support.",Every object reeled and danced around him.,0.8764478764478765
"“Help me—help me!” he screamed, fixing a glance of unutterable anguish on his relative.","Ae-t sg  :LL LR   n  1 1  f A  g 's i i  , .",0.7701149425287356
"“It is worth the struggle,” cried Auriol.","2 1  I, iIk  i.A: Ls.g eg ,l :.",0.8048780487804879
"And, by a great effort, he raised himself, and      staggered towards the old man.",L  L et-a1 kt  .5 :   w I t I -.-d:.,0.7682926829268293
“Saved—saved!” shrieked Darcy.,Saved-saved 1'' shrieked Darcy.,0.2
“Pour it down my throat.,"What rorelations I shall then hae to make, if I shonld dare to disclose them l'' As he ruminated thns, the skeleton hanging near him] was swayed by the wind, and its bony fingers cme in contact with his cheek.",7.875
"An instant, and all will be      well.”     “Think you I have done this for you?” cried Auriol, snatching the potion; “no—no.”     And, supporting himself against the furnace, he placed the phial to his lips, and eagerly      drained its contents.","The lights within the lamp had expired; but the bright moonlight, astreaming throngh tho window, fell upon the rigid features of tha unfortunato alchemist, and on the cabalistic characters of the open volume besido him.",0.7732793522267206
"The old man seemed paralysed by the action, but kept his eye fixed upon the youth till he had      drained the elixir to the last drop.","Aoiding the footpath near the river, they movel stealthily along toe farther sile of the road, wrhere thue opcn groun offerei them au easy reans of flight, in case such a course should bo found expedient.",1.1185185185185185
"He then uttered a piercing cry, threw up his arms, and      fell heavily backwards.","LrE one night, in the spring of 1880, two men issued .from a low, obsenrely-situated public-house, near Iiillbank, and ahaped their course apparently in the direction of Vauxhall-bridge.",1.6867469879518073
Dead—dead!,"fixed them, with a stony glare, on the young man; while the dead alchemist shook his hand menacingly at him.",10.1
"Flashes of light passed before Auriol’s eyes, and strange noises smote his ears.","Whle listening to this clamour, Auriol gazed at the popnlous and picturesgue city stretched out before him, and bathed in the moonlight.",1.25
"For a moment      he was bewildered as with wine, and laughed and sang discordantly like a madman.","A dread ides was suggested by the e There is one peril to be avoided,'' he thoght;`` oE] rn l-what is itt Phaw1 I iIl think no more of it.]",1.0612244897959184
Every object      reeled and danced around him.,All traces of the wound were gone; nor did he experience the slightest pain in any other part of his body.,1.6595744680851063
"The glass vessels and jars clashed their brittle sides together,      yet remained uninjured; the furnace breathed forth flames and mephitic vapours; the spiral worm      of the alembic became red hot, and seemed filled with molten lead; the pipe of the bolt-head      ran blood; the sphere of the earth rolled along the floor, and rebounded from the wall as if      impelled by a giant hand; the skeletons grinned and gibbered; so did the death’s-head on the      table; so did the skulls against the chimney; the monstrous sea-fish belched forth fire and      smoke; the bald, decapitated head opened its eyes, and fixed them, with a stony glare, on the      young man; while the dead alchemist shook his hand menacingly at him.","With this, he left the labortory, and hastily desoending] the stim, at the foot of whish he femnd Flaprgen, psed asi tfe rst-iis.",0.8589041095890411
"Unable to bear these accumulated horrors, Auriol became, for a short space, insensible.","Unable to bear these accumulated horrors, Auriol became, for a short space, insensible.",0.0
"On      recovering, all was still.","On recovrering, all wns till.",0.23529411764705882
"The lights within the lamp had expired; but the bright moonlight,      streaming through the window, fell upon the rigid features of the unfortunate alchemist, and on      the cabalistic characters of the open volume beside him.","A hundred years henese,'' he thonght, `` and scarcely one soul of the thousands within those houses will he living, save myself.",0.7236842105263158
"Eager to test the effect of the elixir, Auriol put his hand to his side.","Eager to test the effect of the elixir, Auriol put his hand to his side.",0.0
All traces of the      wound were gone; nor did he experience the slightest pain in any other part of his body.,"As he did so, joyous peals burst from surrounding churehes, announcing the arrival of the new year.",0.7297297297297297
"On the      contrary, he seemed endowed with preternatural strength.","On tho eontrary, he seemed endowed with preternatural strength.",0.10294117647058823
"His breast dilated with rapture, and      he longed to expand his joy in active motion.","His breast dilated with rapture, and he longed to expand his joy in actire motion.",0.06896551724137931
"Striding over the body of his aged relative, he threw open the window.","The two men, however, tlought nothing of these things, and saw nothing of them; but, on arriing within a couple of hundred yards of the bridge, suddenly, as if by previous concert, quitted the road, and, leaping a rail, ran across a field, and plunged into a hollow formed by a dried pit, where they came to a momentary hualt.",3.9
"As he did so, joyous      peals burst from surrounding churches, announcing the arrival of the new year.","The quaint, Dutch-looking structures on the opposite bank, the line of coal-barges and lighters oored to the strand, the great timber-yards and coal-yards, the brewhouses, gasworks, and waterworks, could only bo imperfectly discerned; but the moonlight fell clear upon th ancient towers of Lambeth Palace, and on the neighbouring chrh.",2.576923076923077
"While listening to this clamour, Auriol gazed at the populous and picturesque city stretched      out before him, and bathed in the moonlight.","IIaggard fcatures, stamped deeply with the characterse of crime and , debauehery; fierce, restless eyes; beards of several days' growth; wild, unkempt hesds of hair, formod their chief personal charaeteristics; whilo sordid and ragged clothes; shoes without soles; and old hats withiont crown, -.nstitated the sum of their apparel, ARIOL.",1.852112676056338
"“A hundred years hence,” he thought, “and scarcely one soul of the thousands within those      houses will be living, save myself.","Aoiding the footpath near the river, they movel stealthily along toe farther sile of the road, wrhere thue opcn groun offerei them au easy reans of flight, in case such a course should bo found expedient.",1.1
"A hundred years after that, and their children’s children      will be gone to the grave.","One of them was tall and gaunt, with large hands and foet; but despite his meagreness, he eridently possessed great strength: the other was considerably shorter, but broad-shouldered, bow-legged, long-armed, and altogether n most formidable ruffian.",2.168539325842697
But I shall live on—shall live through all changes—all customs—all      time.,But I shall live onshall lie throngh all changes-all customs-all time.,0.12987012987012986
"What revelations I shall then have to make, if I should dare to disclose them!”     As he ruminated thus, the skeleton hanging near him was swayed by the wind, and its bony      fingers came in contact with his cheek.","What rorelations I shall then hae to make, if I shonld dare to disclose them l'' As he ruminated thns, the skeleton hanging near him] was swayed by the wind, and its bony fingers cme in contact with his cheek.",0.07834101382488479
A dread idea was suggested by the occurrence.,"A dread ides was suggested by the e There is one peril to be avoided,'' he thoght;`` oE] rn l-what is itt Phaw1 I iIl think no more of it.]",2.2222222222222223
"“There is one peril to be avoided,” he thought; ”ONE PERIL!—what is it?","ss The coe'as sure to come f'  Why, you can't expect me to answer for anothoer as I can for myself, Sandman,'' replied the other; ' but if his own word's to be taken for it, he's sartin to be there.",2.2253521126760565
Pshaw!,"25] across the stream, and reealed the great, stern, fortresslIike pile of the Penitentiary-perhaps the most dismallooking structure in tho whole metropolis.",25.333333333333332
I will think      no more of it.,"So fur as it could he disccrnol by the glimpses of the moon, which ecasionally shone forth from a raek of heay clonds, the apearancee of these personages was not mnucl in their faour.",4.84375
It may never arise.,It may never arise.,0.0
I will be gone.,I will be gone.,0.0
"This place fevers me.”     With this, he left the laboratory, and hastily descending the stairs, at the foot of which he      found Flapdragon, passed out of the house.","With this, he left the labortory, and hastily desoending] the stim, at the foot of whish he femnd Flaprgen, psed asi tfe rst-iis.",0.35119047619047616
"Chapter 1     The Ruined House in the Vauxhall Road     Late one night, in the spring of 1830, two men issued from a low, obscurely situated      public-house, near Millbank, and shaped their course apparently in the direction of Vauxhall      Bridge.","LrE one night, in the spring of 1880, two men issued .from a low, obsenrely-situated public-house, near Iiillbank, and ahaped their course apparently in the direction of Vauxhall-bridge.",0.3147410358565737
"Avoiding the footpath near the river, they moved stealthily along the farther side of      the road, where the open ground offered them an easy means of flight, in case such a course      should be found expedient.","A few sounds arose from the banks of the river, and there was no and then a plash in the water, or a distant cry, betokening some passing craft; but generally all was profonndly still.",0.7336448598130841
"So far as it could be discerned by the glimpses of the moon, which      occasionally shone forth from a rack of heavy clouds, the appearance of these personages was      not much in their favour.","The two men, however, tlought nothing of these things, and saw nothing of them; but, on arriing within a couple of hundred yards of the bridge, suddenly, as if by previous concert, quitted the road, and, leaping a rail, ran across a field, and plunged into a hollow formed by a dried pit, where they came to a momentary hualt.",1.2512820512820513
"Haggard features, stamped deeply with the characters of crime and      debauchery; fierce, restless eyes; beards of several days’ growth; wild, unkempt heads of hair,      formed their chief personal characteristics; while sordid and ragged clothes, shoes without      soles, and old hats without crowns, constituted the sum of their apparel.","With tlis they emerged from tle pit, crossed the lower part of thoe field, and entered a narrow thoroughfare, skirted by a few detached houses, wlich brought them iuto tho Vauxhall-bridge-road.",0.7309941520467836
"One of them was tall and gaunt, with large hands and feet; but despite his meagreness, he      evidently possessed great strength: the other was considerably shorter, but broad-shouldered,      bow-legged, long-armed, and altogether a most formidable ruffian.","The range of lbitations in qucstion, more than a dozen in numbcr, wero, in all probability, what is ulgarly called `in Chancery,'' and shared the fate of most property similnrly circumstanced.",0.7567567567567568
"This fellow had high      cheek-bones, a long aquiline nose, and a coarse mouth and chin, in which the animal greatly      predominated.","ss The coe'as sure to come f'  Why, you can't expect me to answer for anothoer as I can for myself, Sandman,'' replied the other; ' but if his own word's to be taken for it, he's sartin to be there.",1.0514705882352942
"He had a stubby red beard, with sandy hair, white brows and eyelashes.","By-nndby, two watclmen were seen adancing from Belvoir-terrace, and, as the guardians of the niglt drew near, the ruflians crept into nn nlley to let tlc pass.",1.7285714285714286
"The      countenance of the other was dark and repulsive, and covered with blotches, the result of      habitual intemperance.","25] across the stream, and reealed the great, stern, fortresslIike pile of the Penitentiary-perhaps the most dismallooking structure in tho whole metropolis.",0.9126984126984127
His eyes had a leering and malignant look.,"Ive heerd say that this crib is haanted, and though I don't fesr no liin' man, a ghost's a different sort of customer.''",2.2142857142857144
"A handkerchief spotted with      blood, and tied across his brow, contrasted strongly with his matted black hair, and increased      his natural appearance of ferocity.","As soon as the coast was clcar, they ventured forth, and quickening their pnce, cnme to a row of deserted and dilapidated houscs.",0.7440476190476191
"The shorter ruffian carried a mallet upon his shoulder, and      his companion concealed something beneath the breast of his coat, which afterwards proved to be      a dark lantern.","These neglected dwellings served as receptacles for old iron, blocks of stone and wood, and other ponderous matters.",0.7016574585635359
"Not a word passed between them; but keeping a vigilant look-out, they trudged on with quick,      shambling steps.","Tho bare walls were lone left standing, and these were in a very tumble-down  TIIE RODED ROUSE I TRE YAUXHAILL-OAD.",0.8245614035087719
"A few sounds arose from the banks of the river, and there was now and then a      plash in the water, or a distant cry, betokening some passing craft; but generally all was      profoundly still.","The aspect of the whole place was so dismal and suspicious, that it was generally aoided by passengers after nightfiall.",0.717948717948718
"The quaint, Dutch-looking structures on the opposite bank, the line of      coal-barges and lighters moored to the strand, the great timber-yards and coal-yards, the      brewhouses, gasworks, and waterworks, could only be imperfectly discerned; but the moonlight      fell clear upon the ancient towers of Lambeth Palace, and on the neighbouring church.","I heerd him say, as plainly as 'm a-speakin' to yo,- ITll be here to-morrow night-at the same honr---' ""  And that wos one o'clock ?''",0.7994350282485876
"The same      glimmer also ran like a silver belt across the stream, and revealed the great, stern,      fortress-like pile of the Penitentiary—perhaps the most dismal-looking structure in the whole      metropolis.","Here thcy kept on the side of the street most in shadow, and crosscd ocr whcneer they came to a lamp.",0.7395348837209302
The world of habitations beyond this melancholy prison was buried in darkness.,The world of habitations beyond this melancholy prison were buried in larkness.,0.05128205128205128
"The      two men, however, thought nothing of these things, and saw nothing of them; but, on arriving      within a couple of hundred yards of the bridge, suddenly, as if by previous concert, quitted      the road, and, leaping a rail, ran across a field, and plunged into a hollow formed by a dried      pit, where they came to a momentary halt.","To hisself, I s'pose,'' answered the Tinker;  for, as l told yon afore, I conld see no one vith him.''",0.8063583815028902
"“You ain’t a-been a-gammonin’ me in this matter, Tinker?” observed the shorter individual.","You ain't a-been a-gammonin' me in this matter, Tinker 2' observed the shorter individual.",0.06666666666666667
"“The cove’s sure to come?”     “Why, you can’t expect me to answer for another as I can for myself, Sandman,” replied the      other; “but if his own word’s to be taken for it, he’s sartin to be there.","Looking round, he beheld hnge mill-stones, enormous water-wheels, boilers of steam-engines, iron vatse, eylinders, cranes, iron pumps of the strangest fashion, a gigantie pair of wooden scales, old iron safes, old boilers, old gas-pipes, old water-pipes, cracked old bells, old birdcsges, old plates of iron, old pnlleys, ropes, and rusty chains, hnddled and heaped together in the most fantsstie disorder.",1.5174129353233832
"I heerd him say, as      plainly as I’m a speakin’ to you—‘I’ll be here to-morrow night—at the same hour——’”     “And that wos one o’clock?” said the Sandman.","A means of crossing from one side of the bnilding to tha other, without descending into the vault beneath, was afforded by s couple of plsnks; though as the wall on the farther side was some feet higher than that near at hand, and tho planks were considerably bent, the passage appeared hazardous.",1.3734177215189873
"“Thereabouts,” replied the other.","The range of lbitations in qucstion, more than a dozen in numbcr, wero, in all probability, what is ulgarly called `in Chancery,'' and shared the fate of most property similnrly circumstanced.",5.0
“And who did he say that to?” demanded the Sandman.,"Glancing round for a moment, tha Tinker leaped inta the cellar, and, unmasking his lantern, showed a sort of hiding-place, between a bulk of timber and a boilor, to which he invited his companion.",3.156862745098039
"“To hisself, I s’pose,” answered the Tinker; “for, as I told you afore, I could see no one      vith him.”     “Do you think he’s one of our perfession?” inquired the Sandman.","Tle extraordinary and incongruous assemblage of objects which met the gaze of tho Sandman, coupled with the deserted appearanco of the plsce, produced an effeet upon his hardy but superstitious nature.",0.92
“Bless you!,"By-nndby, two watclmen were seen adancing from Belvoir-terrace, and, as the guardians of the niglt drew near, the ruflians crept into nn nlley to let tlc pass.",13.727272727272727
"no—that he ain’t,” returned the Tinker.","Bkulking along the blank and dresry walls, the Tinker, who was now a little in advance, stopped hefore a door, and pushing it open, entered the dwelling.",3.2564102564102564
"“He’s a reg’lar slap-up svell.”     “That’s no reason at all,” said the Sandman.","These neglected dwellings served as receptacles for old iron, blocks of stone and wood, and other ponderous matters.",1.0375
“Many a first-rate svell practises in our line.,"As soon as the coast was clcar, they ventured forth, and quickening their pnce, cnme to a row of deserted and dilapidated houscs.",2.1702127659574466
"But he can’t be in his right mind to come to such a ken as that, and go on as you      mentions.”     “As to that I can’t say,” replied the Tinker; “and it don’t much matter, as far as ve’re      consarned.”     “Devil a bit,” rejoined the Sandman, “except—you’re sure it worn’t a sperrit, Tinker.","Thoe Tinker replied in tle affirmatie; and tho other had just become lost to consciousness, when he received a nudge in the sid, and his companion whispered--t He's here I''  TIE RDD OUBE  TRE YAUXHALL-ROAD.",0.7508417508417509
"I’ve      heerd say that this crib is haanted, and though I don’t fear no livin’ man, a ghost’s a      different sort of customer.”     “Vell, you’ll find our svell raal flesh and blood, you may depend upon it,” replied the      Tinker.","Seen by the transient light of the moon, the various objects above enumerated produced a strange effect upon the beholler's imagination.",0.7457627118644068
"“So come along, and don’t let’s be frightenin’ ourselves vith ould vimen’s tales.”     With this they emerged from the pit, crossed the lower part of the field, and entered a      narrow thoroughfare, skirted by a few detached houses, which brought them into the Vauxhall      Bridge Road.","Tho ragged brickwork, overgrown with weeds, took with him the sema blance of a human face, and seemoed to keep a wary eye on what was going forward below.",0.7335640138408305
"Here they kept on the side of the street most in shadow, and crossed over whenever they came      to a lamp.","Here thcy kept on the side of the street most in shadow, and crosscd ocr whcneer they came to a lamp.",0.10185185185185185
"By-and-by, two watchmen were seen advancing from Belvoir Terrace, and, as the      guardians of the night drew near, the ruffians crept into an alley to let them pass.","midst of the chaotic mass frowned the bearded and colossal head of Neptune, whieh had onee deeorated the forepart of a man-of-war.",0.7305389221556886
"As soon as      the coast was clear, they ventured forth, and quickening their pace, came to a row of deserted      and dilapidated houses.","Ihe ale I drank at the  ITo Fighting Cocks' has made me feel drawsy, Tinker,'' he remarked, stretching himsolf on the bulk;  Il1 just take a snooze.",0.7985611510791367
This was their destination.,Tis was their destination.,0.037037037037037035
"The range of habitations in question, more than a dozen in number, were, in all probability,      what is vulgarly called “in Chancery,” and shared the fate of most property similarly      circumstanced.","A means of crossing from one side of the bnilding to tha other, without descending into the vault beneath, was afforded by s couple of plsnks; though as the wall on the farther side was some feet higher than that near at hand, and tho planks were considerably bent, the passage appeared hazardous.",1.0541871921182266
"They were in a sad ruinous state—unroofed, without windows and floors.","Thoe Tinker replied in tle affirmatie; and tho other had just become lost to consciousness, when he received a nudge in the sid, and his companion whispered--t He's here I''  TIE RDD OUBE  TRE YAUXHALL-ROAD.",2.357142857142857
"The bare      walls were alone left standing, and these were in a very tumble-down condition.","Glancing round for a moment, tha Tinker leaped inta the cellar, and, unmasking his lantern, showed a sort of hiding-place, between a bulk of timber and a boilor, to which he invited his companion.",1.5806451612903225
"These neglected      dwellings served as receptacles for old iron, blocks of stone and wood, and other ponderous      matters.","He was tall, slight, and well-proportioned; and the general cnt of his attire, the tightly-bnttoned, single-breasted coat, together with the moustache upon his lip, gave hima military sir.",1.0793650793650793
"The aspect of the whole place was so dismal and suspicious, that it was generally      avoided by passengers after nightfall.","Tho ragged brickwork, overgrown with weeds, took with him the sema blance of a human face, and seemoed to keep a wary eye on what was going forward below.",0.928
"Skulking along the blank and dreary walls, the Tinker, who was now a little in advance,      stopped before a door, and pushing it open, entered the dwelling.","His hat was off, and his features, exposed to the full radiance of the moon, looked denthly pale, and though handsome, had a strange sinister expression.",0.7784810126582279
His companion followed      him.,"Let's hear wot] he's a-sayin',''  Why havre you brought me here1'' cried the yong man, in a oice so hollow that it thrilled his anditors.",3.65625
"The extraordinary and incongruous assemblage of objects which met the gaze of the Sandman,      coupled with the deserted appearance of the place, produced an effect upon his hardy but      superstitious nature.","Ihe ale I drank at the  ITo Fighting Cocks' has made me feel drawsy, Tinker,'' he remarked, stretching himsolf on the bulk;  Il1 just take a snooze.",0.7298578199052133
"Looking round, he beheld huge mill-stones, enormous water-wheels, boilers of steam-engines,      iron vats, cylinders, cranes, iron pumps of the strangest fashion, a gigantic pair of wooden      scales, old iron safes, old boilers, old gas-pipes, old water-pipes, cracked old bells, old      bird-cages, old plates of iron, old pulleys, ropes, and rusty chains, huddled and heaped      together in the most fantastic disorder.","e Vot d'ye think he sees 2''  Why do you not speak to me f'' cried the young man -' why do yon beckon me forward7 Well, I obey.",0.8262910798122066
"In the midst of the chaotic mass frowned the bearded      and colossal head of Neptune, which had once decorated the forepart of a man-of-war.","s hat is to be done 1'  It makes my blood run cold to hear him,'' whispered] the Sandman.",0.6971830985915493
"Above it,      on a sort of framework, lay the prostrate statue of a nymph, together with a bust of Fox, the      nose of the latter being partly demolished, and the eyes knocked in.","Slightly altering his position, the Sandman caught sight of a figure standing upon the planks above them.",0.7472527472527473
"Above these, three garden      divinities laid their heads amicably together.",There was a mixture of the grotesque and terribloe abont them.,0.7012987012987013
"On the left stood a tall Grecian warrior, minus      the head and right hand.",Nor was the building itself deoid of a certain influence npon his mind.,0.7532467532467533
"The whole was surmounted by an immense ventilator, stuck on the end of      an iron rod, ascending, like a lightning-conductor, from the steam-engine pump.","29]  here --- vhere t'' demanded the Sandman, in some] trepidation.",0.7806451612903226
"Seen by the transient light of the moon, the various objects above enumerated produced a      strange effect upon the beholder’s imagination.","See, he's a-goin' through that door,'' crioed the Tinker.",0.7659574468085106
There was a mixture of the grotesque and      terrible about them.,"e I don't half like it,'' replied tha Sandman, his teeth] ts.",0.8181818181818182
Nor was the building itself devoid of a certain influence upon his mind.,"Unfortunately for him, the moon was at this moment obscured, and he conld distinguish nothing- except the dnsky ontline of tho varions oljects with which the place was filled, and which werenearly of the samo kind as those of the neighbouring habitation.",2.8055555555555554
"The ragged brickwork, overgrown with weeds, took with him the semblance of a human face, and      seemed to keep a wary eye on what was going forward below.","Wot are yon afeerd on 7'' With this he aulted upon the planks, and peeping cautionsly ont of the open door to which they led, saw the object of lis scrutiny enter the adjoining house through a broken window.",1.0
"A means of crossing from one side of the building to the other, without descending into the      vault beneath, was afforded by a couple of planks; though as the wall on the farther side was      some feet higher than that near at hand, and the planks were considerably bent, the passage      appeared hazardous.","Making a sign to the Sandman, who was elose at his hecols, the Tinker crept forward on all fonrs, and, on reaching the window, raised himself just sufficiently to command the interior of tha dwelling.",0.7275641025641025
"Glancing round for a moment, the Tinker leaped into the cellar, and, unmasking his lantern,      showed a sort of hiding-place, between a bulk of timber and a boiler, to which he invited his      companion.","MAfter some time spent in tlis way, he began to fear the young man must have departed, when all at once a piercing scream resounded throgh the dwelling.",0.7184466019417476
The Sandman jumped down.,"IIastily retreating to their former hiding-place, th Tinler and his companion had scnrcely regained it, when tho young man again appeared on the plank.",5.541666666666667
"“The ale I drank at the ‘Two Fighting Cocks’ has made me feel drowsy, Tinker,” he remarked,      stretching himself on the bulk; “I’ll just take a snooze.","Eome heavy matter was dislodged, with a thundering crash, and footsteps vere heard approaching the window.",0.7467532467532467
"Vake me up if I snore—or ven our      sperrit appears.”     The Tinker replied in the affirmative; and the other had just become lost to consciousness,      when he received a nudge in the side, and his companion whispered—“He’s here!”     “Vhere—vhere?” demanded the Sandman, in some trepidation.","He staggered rather than walked, and his countenanceo was een pualer 1    1 1  a('  1  .n N  -, 1,  .",0.8047138047138047
"“Look up, and you’ll see him,” replied the other.","We shall see summast as'll take aray our senses,'' Tut'' cried the Tinker; 'it's only a aleepy-alker.",1.5918367346938775
"Slightly altering his position, the Sandman caught sight of a figure standing upon the planks      above them.","IIe listened intently, but not tho slightest sonnd reached his enrs.",0.7181818181818181
It was that of a young man.,"e I don't half like it,'' replied tha Sandman, his teeth] ts.",1.7777777777777777
"His hat was off, and his features, exposed to the full      radiance of the moon, looked deathly pale, and though handsome, had a strange sinister      expression.","See, he's a-goin' through that door,'' crioed the Tinker.",0.803680981595092
"He was tall, slight, and well-proportioned; and the general cut of his attire, the      tightly-buttoned, single-breasted coat, together with the moustache upon his lip, gave him a      military air.",";g 3 .I Y  ..P v  V    5Dl T t,   a D a  3 3-+LE i.L L 2E.",0.8442211055276382
"“He seems a-valkin’ in his sleep,” muttered the Sandman.",His doemeanour had nndergone a fearful change.,0.7678571428571429
“He’s a-speakin’ to some von      unwisible.”     “Hush—hush!” whispered the other.,3'    A..  1  I1 Y.   rea I  2A c 3    t'.,0.7951807228915663
"“Let’s hear wot he’s a-sayin’.”     “Why have you brought me here?” cried the young man, in a voice so hollow that it thrilled      his auditors.",And he moved slowly across the plank.,0.8482758620689655
"“What is to be done?”     “It makes my blood run cold to hear him,” whispered the Sandman.",chattering with apprehension.,0.8
“Vot d’ye think he      sees?”     “Why do you not speak to me?” cried the young man—“why do you beckon me forward?,"Havring crossed the plank, ho took his way along the top of the broken wall towards the dooir.",0.7739130434782608
"Well, I      obey.","He staggered rather than walked, and his countenanceo was een pualer 1    1 1  a('  1  .n N  -, 1,  .",5.0
I will follow you.”     And he moved slowly across the plank.,His doemeanour had nndergone a fearful change.,0.6885245901639344
"“See, he’s a-goin’ through that door,” cried the Tinker.",":a 11 51  LW at  T N  5-:  --..-- ieFcr -Neg  , 2   G-i'        L a t rr t   E 3rE BUED OBE  TS YAXALL-BOAD.",1.625
"“Let’s foller him.”     “I don’t half like it,” replied the Sandman, his teeth chattering with apprehension.",";g 3 .I Y  ..P v  V    5Dl T t,   a D a  3 3-+LE i.L L 2E.",0.7685185185185185
“We      shall see summat as’ll take avay our senses.”     “Tut!” cried the Tinker; “it’s only a sleepy-valker.,3'    A..  1  I1 Y.   rea I  2A c 3    t'.,0.7927927927927928
"Wot are you afeerd on?”     With this he vaulted upon the planks, and peeping cautiously out of the open door to which      they led, saw the object of his scrutiny enter the adjoining house through a broken window.","n 1.  a  i Y :.. F,  :   .A -aA -G c M .'",0.8930232558139535
"Making a sign to the Sandman, who was close at his heels, the Tinker crept forward on all      fours, and, on reaching the window, raised himself just sufficiently to command the interior of      the dwelling.",:s  : a.icc I iiae 0Hl  F'  r.. 1I.,0.8947368421052632
"Unfortunately for him, the moon was at this moment obscured, and he could      distinguish nothing except the dusky outline of the various objects with which the place was      filled, and which were nearly of the same kind as those of the neighbouring habitation.",C    1 :: .U   I   1 r .,0.9393939393939394
"He      listened intently, but not the slightest sound reached his ears.",P     2ZE 11 li2  I` I. i3 1A.,0.7916666666666666
"After some time spent in this way, he began to fear the young man must have departed, when      all at once a piercing scream resounded through the dwelling.",: t It r t : xg .,0.9171974522292994
"Some heavy matter was dislodged,      with a thundering crash, and footsteps were heard approaching the window.",s.1 C XNx 3 .a '  1 .,0.9009009009009009
"Hastily retreating to their former hiding-place, the Tinker and his companion had scarcely      regained it, when the young man again appeared on the plank.",3 N .L  -a s Pk: Yx :.,0.9230769230769231
His demeanour had undergone a      fearful change.,:  1 1 N N  a -.,0.8
"He staggered rather than walked, and his countenance was even paler than      before.",31 than before.,0.8470588235294118
"Having crossed the plank, he took his way along the top of the broken wall towards the      door.",1 I 2 xAi t.LI .,0.9175257731958762
